id;nome;idade;email;celular
1;defiantly showy near;5569;Pablo22@yahoo.com;amid midst
2;whoever since;3501;Isabel_Macedo@bol.com.br;as
3;corrupt airbus gummy;5102;Norberto64@gmail.com;married
4;disbar aw righteously;21899;Laura.Oliveira@live.com;likewise fisherman
5;till;6303;Ricardo73@gmail.com;bare arrogantly
6;modulo separately border;4584;Theo3@yahoo.com;inject
7;highly tough;24103;Maria.Souza@live.com;rival
8;economise reproachfully phooey;18112;Yango_Moreira@gmail.com;joyful epic
9;but;25253;Valentina.Santos64@gmail.com;forenenst down
10;aha;4031;Aline19@bol.com.br;premium fatherly restfully
